"";"ImePriimek";"Premozenje";"Vir";"Leto"
"1";"Bill Gates";75000;"Microsoft";2015
"2";"Amancio Ortega";67000;"Zara";2015
"3";"Warren Buffett";60800;"Berkshire Hathaway";2015
"4";"Carlos Slim Helu & family";50000;"telecom";2015
"5";"Jeff Bezos";45200;"Amazon.com";2015
"6";"Mark Zuckerberg";44600;"Facebook";2015
"7";"Larry Ellison";43600;"software";2015
"8";"Michael Bloomberg";40000;"Bloomberg LP";2015
"9";"Charles Koch";39600;"diversified";2015
"10";"David Koch";39600;"diversified";2015
"11";"Liliane Bettencourt & family";36100;"L'Oreal";2015
"12";"Larry Page";35200;"Google";2015
"13";"Sergey Brin";34400;"Google";2015
"14";"Bernard Arnault & family";34000;"LVMH";2015
"15";"Jim Walton";33600;"Wal-Mart";2015
"16";"Alice Walton";32300;"Wal-Mart";2015
"17";"S. Robson Walton";31900;"Wal-Mart";2015
"18";"Wang Jianlin";28700;"real estate";2015
"19";"Jorge Paulo Lemann";27800;"beer";2015
"20";"Li Ka-shing";27100;"diversified";2015
"21";"Beate Heister & Karl Albrecht Jr.";25900;"supermarkets";2015
"22";"Sheldon Adelson";25200;"casinos";2015
"23";"George Soros";24900;"hedge funds";2015
"24";"Phil Knight & family";24400;"Nike";2015
"25";"David Thomson & family";23800;"media";2015
"26";"Steve Ballmer";23500;"Microsoft";2015
"27";"Forrest Mars, Jr.";23400;"candy";2015
"28";"Jacqueline Mars";23400;"candy";2015
"29";"John Mars";23400;"candy";2015
"30";"Maria Franca Fissolo";22100;"Nutella, chocolates";2015
"31";"Lee Shau Kee";21500;"real estate";2015
"32";"Stefan Persson";20800;"H&M";2015
"33";"Jack Ma";20500;"e-commerce";2015
"34";"Theo Albrecht, Jr. & family";20300;"Aldi, Trader Joe's";2015
"35";"Michael Dell";19800;"Dell computers";2015
"36";"Mukesh Ambani";19300;"petrochemicals, oil & gas";2015
"37";"Leonardo Del Vecchio & family";18700;"eyeglasses";2015
"38";"Susanne Klatten";18500;"BMW, pharmaceuticals";2015
"39";"Georg Schaeffler";18100;"automotive";2015
"40";"Paul Allen";17500;"Microsoft, investments";2015
"41";"Prince Alwaleed Bin Talal Alsaud";17300;"investments";2015
"42";"Joseph Safra";17200;"banking";2015
"43";"Carl Icahn";17000;"investments";2015
"44";"Laurene Powell Jobs & family";16700;"Apple, Disney";2015
"45";"Dilip Shanghvi";16700;"pharmaceuticals";2015
"46";"Ma Huateng";16600;"internet services";2015
"47";"Dieter Schwarz";16400;"retail";2015
"48";"Ray Dalio";15600;"hedge funds";2015
"49";"Stefan Quandt";15600;"BMW";2015
"50";"James Simons";15500;"hedge funds";2015
"51";"Aliko Dangote";15400;"cement, sugar, flour";2015
"52";"Michael Otto & family";15400;"retail, real estate";2015
"53";"Len Blavatnik";15300;"diversified";2015
"54";"Donald Bren";15100;"real estate";2015
"55";"Azim Premji";15000;"software services";2015
"56";"Serge Dassault & family";14700;"aviation";2015
"57";"Tadashi Yanai & family";14600;"fashion retail";2015
"58";"Cheng Yu-tung";14500;"diversified";2015
"59";"Hinduja family";14500;"Hinduja Group";2015
"60";"Leonid Mikhelson";14400;"gas, chemicals";2015
"61";"David & Simon Reuben";14400;"investments, real estate";2015
"62";"Stefano Pessina";13400;"drugstores";2015
"63";"Mikhail Fridman";13300;"oil, banking, telecom";2015
"64";"Dietrich Mateschitz";13200;"Red Bull";2015
"65";"Abigail Johnson";13100;"money management";2015
"66";"Kjeld Kirk Kristiansen & family";13100;"Lego";2015
"67";"Joseph Lau";13100;"real estate";2015
"68";"Gerald Cavendish Grosvenor & family";13000;"real estate";2015
"69";"Thomas & Raymond Kwok";13000;"real estate";2015
"70";"Marcel Herrmann Telles";13000;"beer";2015
"71";"Henry Sy & family";12900;"SM Investments Corporation";2015
"72";"Steve Cohen";12700;"hedge funds";2015
"73";"Pallonji Mistry";12500;"construction";2015
"74";"Hans Rausing";12500;"packaging";2015
"75";"Alisher Usmanov";12500;"steel, telecom, investments";2015
"76";"Charlene de Carvalho-Heineken & family";12300;"Heineken";2015
"77";"Charles Ergen";12200;"satellite TV";2015
"78";"Ronald Perelman";12100;"leveraged buyouts";2015
"79";"Vladimir Potanin";12100;"metals";2015
"80";"Stephen Ross";12000;"real estate";2015
"81";"Patrick Soon-Shiong";11900;"pharmaceuticals";2015
"82";"Masayoshi Son";11700;"internet, telecom";2015
"83";"Heinz Hermann Thiele & family";11700;"brakes";2015
"84";"Francois Pinault & family";11500;"luxury goods";2015
"85";"David Tepper";11400;"hedge funds";2015
"86";"Gennady Timchenko";11400;"oil & gas";2015
"87";"Carlos Alberto Sicupira";11300;"beer";2015
"88";"Shiv Nadar";11100;"software services";2015
"89";"Thomas Peterffy";11100;"discount brokerage";2015
"90";"Robin Li";11000;"internet search";2015
"91";"Alain Wertheimer";11000;"Chanel";2015
"92";"Gerard Wertheimer";11000;"Chanel";2015
"93";"Alexey Mordashov";10900;"steel, investments";2015
"94";"Elon Musk";10700;"Tesla Motors";2015
"95";"Charoen Sirivadhanabhakdi";10700;"drinks, real estate";2015
"96";"Petr Kellner";10600;"banking, insurance";2015
"97";"Rupert Murdoch & family";10600;"newspapers, TV network";2015
"98";"Viktor Vekselberg";10500;"metals, energy";2015
"99";"Lukas Walton";10400;"Wal-Mart";2015
"100";"Eric Schmidt";10200;"Google";2015
"101";"Iris Fontbona & family";10100;"mining";2015
"102";"Massimiliana Landini Aleotti & family";10100;"pharmaceuticals";2015
"103";"Mike Adenuga";10000;"telecom, oil";2015
"104";"Klaus-Michael Kuehne";10000;"shipping";2015
"105";"Robert Kuok";10000;"palm oil/shipping/real estate";2015
"106";"Samuel Newhouse, Jr.";10000;"media";2015
"107";"Lei Jun";9800;"smartphones";2015
"108";"Philip Anschutz";9700;"investments";2015
"109";"Jim Kennedy";9700;"media";2015
"110";"Blair Parry-Okeden";9700;"media";2015
"111";"John Paulson";9700;"hedge funds";2015
"112";"Lee Kun-Hee";9600;"Samsung";2015
"113";"Hasso Plattner & family";9500;"software";2015
"114";"Stephen Schwarzman";9500;"investments";2015
"115";"Andrew Beal";9400;"banks, real estate";2015
"116";"Vladimir Lisin";9300;"steel, transport";2015
"117";"John Menard, Jr.";9300;"home improvement stores";2015
"118";"Donald Newhouse";9300;"media";2015
"119";"Udo & Harald Tschira";9300;"Software";2015
"120";"Galen Weston & family";9300;"retail";2015
"121";"German Larrea Mota Velasco & family";9200;"mining";2015
"122";"He Xiangjian";9000;"home appliances";2015
"123";"Leonard Lauder";9000;"Estee Lauder";2015
"124";"Vagit Alekperov";8900;"oil";2015
"125";"Dustin Moskovitz";8900;"Facebook";2015
"126";"Luis Carlos Sarmiento";8900;"banking";2015
"127";"Gina Rinehart";8800;"mining";2015
"128";"German Khan";8700;"oil, banking, telecom";2015
"129";"Ernesto Bertarelli";8600;"biotech, investments";2015
"130";"Hui Ka Yan";8600;"real estate";2015
"131";"Jan Koum";8600;"WhatsApp";2015
"132";"Xavier Niel";8600;"internet, telecom";2015
"133";"John Fredriksen";8500;"shipping";2015
"134";"Cyrus Poonawalla";8500;"vaccines";2015
"135";"Gianluigi & Rafaela Aponte";8400;"shipping";2015
"136";"Lakshmi Mittal";8400;"steel";2015
"137";"Eyal Ofer";8400;"real estate, shipping";2015
"138";"Mohammed Al Amoudi";8300;"oil, diversified";2015
"139";"Hank & Doug Meijer";8200;"supermarkets";2015
"140";"Andrey Melnichenko";8200;"coal, fertilizers";2015
"141";"William Ding";8100;"online games";2015
"142";"R. Budi Hartono";8100;"banking, tobacco";2015
"143";"Reinhold Wuerth & family";8100;"fasteners";2015
"144";"James Goodnight";8000;"software";2015
"145";"Johann Graf";8000;"gambling";2015
"146";"Michael Hartono";7900;"tobacco, banking";2015
"147";"Dietmar Hopp & family";7900;"software";2015
"148";"Stanley Kroenke";7700;"sports, real estate";2015
"149";"Dmitry Rybolovlev";7700;"fertilizer";2015
"150";"Suh Kyung-Bae";7700;"cosmetics";2015
"151";"Roman Abramovich";7600;"steel, investments";2015
"152";"Emmanuel Besnier";7600;"cheese";2015
"153";"Lui Che Woo";7600;"casinos";2015
"154";"Robert & Philip Ng";7600;"real estate";2015
"155";"Mikhail Prokhorov";7600;"investments";2015
"156";"August von Finck";7600;"investments";2015
"157";"Ken Griffin";7500;"hedge funds";2015
"158";"Ananda Krishnan";7400;"telecom";2015
"159";"Eli Broad";7300;"investments";2015
"160";"Thomas Frist, Jr. & family";7300;"health care";2015
"161";"Herbert Kohler, Jr. & family";7300;"plumbing fixtures";2015
"162";"Harry Triguboff";7300;"property";2015
"163";"Edward Johnson, III.";7200;"money management";2015
"164";"Pierre Omidyar";7200;"eBay";2015
"165";"Takemitsu Takizaki";7200;"sensors";2015
"166";"Wang Wenyin";7200;"mining, copper products";2015
"167";"Micky Arison";7100;"Carnival Cruises";2015
"168";"George Kaiser";7100;"oil & gas, banking";2015
"169";"Les Wexner & family";7100;"retail";2015
"170";"Alberto Bailleres Gonzalez & family";6900;"mining";2015
"171";"Dhanin Chearavanont";6800;"diversified";2015
"172";"Margarita Louis-Dreyfus & family";6800;"commodities";2015
"173";"Alexei Kuzmichev";6700;"oil, banking, telecom";2015
"174";"Nicky Oppenheimer & family";6600;"diamonds";2015
"175";"Peter Woo";6600;"real estate";2015
"176";"Jean-Claude Decaux & family";6500;"advertising";2015
"177";"David Geffen";6500;"movies, record labels";2015
"178";"James Chambers";6400;"media";2015
"179";"Walter P.J. Droege";6400;"Consulting";2015
"180";"Graeme Hart";6400;"investments";2015
"181";"Sandra Ortega Mera";6400;"Zara";2015
"182";"Katharine Rayner";6400;"media";2015
"183";"Margaretta Taylor";6400;"media";2015
"184";"John Grayken";6300;"private equity";2015
"185";"Uday Kotak";6300;"banking";2015
"186";"Liu Qiangdong";6300;"e-commerce";2015
"187";"John Malone";6300;"cable television";2015
"188";"Silvio Berlusconi & family";6200;"media";2015
"189";"Garrett Camp";6200;"Uber Technologies";2015
"190";"Curt Engelhorn & family";6200;"pharmaceuticals";2015
"191";"Travis Kalanick";6200;"Uber Technologies";2015
"192";"Walter Kwok";6200;"real estate";2015
"193";"Eduardo Saverin";6200;"Facebook";2015
"194";"Xu Shihui & family";6200;"snacks, beverages";2015
"195";"Zong Qinghou";6200;"beverages";2015
"196";"Giorgio Armani";6100;"luxury goods";2015
"197";"Kumar Birla";6100;"commodities";2015
"198";"Eva Gonda de Rivera & family";6100;"beverages";2015
"199";"Wolfgang Marguerre";6100;"pharmaceuticals";2015
"200";"Hansjoerg Wyss";6100;"medical devices";2015
"201";"Bill Gates";75000;"Microsoft";2016
"202";"Amancio Ortega";67000;"Zara";2016
"203";"Warren Buffett";60800;"Berkshire Hathaway";2016
"204";"Carlos Slim Helu & family";50000;"telecom";2016
"205";"Jeff Bezos";45200;"Amazon.com";2016
"206";"Mark Zuckerberg";44600;"Facebook";2016
"207";"Larry Ellison";43600;"software";2016
"208";"Michael Bloomberg";40000;"Bloomberg LP";2016
"209";"Charles Koch";39600;"diversified";2016
"210";"David Koch";39600;"diversified";2016
"211";"Liliane Bettencourt & family";36100;"L'Oreal";2016
"212";"Larry Page";35200;"Google";2016
"213";"Sergey Brin";34400;"Google";2016
"214";"Bernard Arnault & family";34000;"LVMH";2016
"215";"Jim Walton";33600;"Wal-Mart";2016
"216";"Alice Walton";32300;"Wal-Mart";2016
"217";"S. Robson Walton";31900;"Wal-Mart";2016
"218";"Wang Jianlin";28700;"real estate";2016
"219";"Jorge Paulo Lemann";27800;"beer";2016
"220";"Li Ka-shing";27100;"diversified";2016
"221";"Beate Heister & Karl Albrecht Jr.";25900;"supermarkets";2016
"222";"Sheldon Adelson";25200;"casinos";2016
"223";"George Soros";24900;"hedge funds";2016
"224";"Phil Knight & family";24400;"Nike";2016
"225";"David Thomson & family";23800;"media";2016
"226";"Steve Ballmer";23500;"Microsoft";2016
"227";"Forrest Mars, Jr.";23400;"candy";2016
"228";"Jacqueline Mars";23400;"candy";2016
"229";"John Mars";23400;"candy";2016
"230";"Maria Franca Fissolo";22100;"Nutella, chocolates";2016
"231";"Lee Shau Kee";21500;"real estate";2016
"232";"Stefan Persson";20800;"H&M";2016
"233";"Jack Ma";20500;"e-commerce";2016
"234";"Theo Albrecht, Jr. & family";20300;"Aldi, Trader Joe's";2016
"235";"Michael Dell";19800;"Dell computers";2016
"236";"Mukesh Ambani";19300;"petrochemicals, oil & gas";2016
"237";"Leonardo Del Vecchio & family";18700;"eyeglasses";2016
"238";"Susanne Klatten";18500;"BMW, pharmaceuticals";2016
"239";"Georg Schaeffler";18100;"automotive";2016
"240";"Paul Allen";17500;"Microsoft, investments";2016
"241";"Prince Alwaleed Bin Talal Alsaud";17300;"investments";2016
"242";"Joseph Safra";17200;"banking";2016
"243";"Carl Icahn";17000;"investments";2016
"244";"Laurene Powell Jobs & family";16700;"Apple, Disney";2016
"245";"Dilip Shanghvi";16700;"pharmaceuticals";2016
"246";"Ma Huateng";16600;"internet services";2016
"247";"Dieter Schwarz";16400;"retail";2016
"248";"Ray Dalio";15600;"hedge funds";2016
"249";"Stefan Quandt";15600;"BMW";2016
"250";"James Simons";15500;"hedge funds";2016
"251";"Aliko Dangote";15400;"cement, sugar, flour";2016
"252";"Michael Otto & family";15400;"retail, real estate";2016
"253";"Len Blavatnik";15300;"diversified";2016
"254";"Donald Bren";15100;"real estate";2016
"255";"Azim Premji";15000;"software services";2016
"256";"Serge Dassault & family";14700;"aviation";2016
"257";"Tadashi Yanai & family";14600;"fashion retail";2016
"258";"Cheng Yu-tung";14500;"diversified";2016
"259";"Hinduja family";14500;"Hinduja Group";2016
"260";"Leonid Mikhelson";14400;"gas, chemicals";2016
"261";"David & Simon Reuben";14400;"investments, real estate";2016
"262";"Stefano Pessina";13400;"drugstores";2016
"263";"Mikhail Fridman";13300;"oil, banking, telecom";2016
"264";"Dietrich Mateschitz";13200;"Red Bull";2016
"265";"Abigail Johnson";13100;"money management";2016
"266";"Kjeld Kirk Kristiansen & family";13100;"Lego";2016
"267";"Joseph Lau";13100;"real estate";2016
"268";"Gerald Cavendish Grosvenor & family";13000;"real estate";2016
"269";"Thomas & Raymond Kwok";13000;"real estate";2016
"270";"Marcel Herrmann Telles";13000;"beer";2016
"271";"Henry Sy & family";12900;"SM Investments Corporation";2016
"272";"Steve Cohen";12700;"hedge funds";2016
"273";"Pallonji Mistry";12500;"construction";2016
"274";"Hans Rausing";12500;"packaging";2016
"275";"Alisher Usmanov";12500;"steel, telecom, investments";2016
"276";"Charlene de Carvalho-Heineken & family";12300;"Heineken";2016
"277";"Charles Ergen";12200;"satellite TV";2016
"278";"Ronald Perelman";12100;"leveraged buyouts";2016
"279";"Vladimir Potanin";12100;"metals";2016
"280";"Stephen Ross";12000;"real estate";2016
"281";"Patrick Soon-Shiong";11900;"pharmaceuticals";2016
"282";"Masayoshi Son";11700;"internet, telecom";2016
"283";"Heinz Hermann Thiele & family";11700;"brakes";2016
"284";"Francois Pinault & family";11500;"luxury goods";2016
"285";"David Tepper";11400;"hedge funds";2016
"286";"Gennady Timchenko";11400;"oil & gas";2016
"287";"Carlos Alberto Sicupira";11300;"beer";2016
"288";"Shiv Nadar";11100;"software services";2016
"289";"Thomas Peterffy";11100;"discount brokerage";2016
"290";"Robin Li";11000;"internet search";2016
"291";"Alain Wertheimer";11000;"Chanel";2016
"292";"Gerard Wertheimer";11000;"Chanel";2016
"293";"Alexey Mordashov";10900;"steel, investments";2016
"294";"Elon Musk";10700;"Tesla Motors";2016
"295";"Charoen Sirivadhanabhakdi";10700;"drinks, real estate";2016
"296";"Petr Kellner";10600;"banking, insurance";2016
"297";"Rupert Murdoch & family";10600;"newspapers, TV network";2016
"298";"Viktor Vekselberg";10500;"metals, energy";2016
"299";"Lukas Walton";10400;"Wal-Mart";2016
"300";"Eric Schmidt";10200;"Google";2016
"301";"Iris Fontbona & family";10100;"mining";2016
"302";"Massimiliana Landini Aleotti & family";10100;"pharmaceuticals";2016
"303";"Mike Adenuga";10000;"telecom, oil";2016
"304";"Klaus-Michael Kuehne";10000;"shipping";2016
"305";"Robert Kuok";10000;"palm oil/shipping/real estate";2016
"306";"Samuel Newhouse, Jr.";10000;"media";2016
"307";"Lei Jun";9800;"smartphones";2016
"308";"Philip Anschutz";9700;"investments";2016
"309";"Jim Kennedy";9700;"media";2016
"310";"Blair Parry-Okeden";9700;"media";2016
"311";"John Paulson";9700;"hedge funds";2016
"312";"Lee Kun-Hee";9600;"Samsung";2016
"313";"Hasso Plattner & family";9500;"software";2016
"314";"Stephen Schwarzman";9500;"investments";2016
"315";"Andrew Beal";9400;"banks, real estate";2016
"316";"Vladimir Lisin";9300;"steel, transport";2016
"317";"John Menard, Jr.";9300;"home improvement stores";2016
"318";"Donald Newhouse";9300;"media";2016
"319";"Udo & Harald Tschira";9300;"Software";2016
"320";"Galen Weston & family";9300;"retail";2016
"321";"German Larrea Mota Velasco & family";9200;"mining";2016
"322";"He Xiangjian";9000;"home appliances";2016
"323";"Leonard Lauder";9000;"Estee Lauder";2016
"324";"Vagit Alekperov";8900;"oil";2016
"325";"Dustin Moskovitz";8900;"Facebook";2016
"326";"Luis Carlos Sarmiento";8900;"banking";2016
"327";"Gina Rinehart";8800;"mining";2016
"328";"German Khan";8700;"oil, banking, telecom";2016
"329";"Ernesto Bertarelli";8600;"biotech, investments";2016
"330";"Hui Ka Yan";8600;"real estate";2016
"331";"Jan Koum";8600;"WhatsApp";2016
"332";"Xavier Niel";8600;"internet, telecom";2016
"333";"John Fredriksen";8500;"shipping";2016
"334";"Cyrus Poonawalla";8500;"vaccines";2016
"335";"Gianluigi & Rafaela Aponte";8400;"shipping";2016
"336";"Lakshmi Mittal";8400;"steel";2016
"337";"Eyal Ofer";8400;"real estate, shipping";2016
"338";"Mohammed Al Amoudi";8300;"oil, diversified";2016
"339";"Hank & Doug Meijer";8200;"supermarkets";2016
"340";"Andrey Melnichenko";8200;"coal, fertilizers";2016
"341";"William Ding";8100;"online games";2016
"342";"R. Budi Hartono";8100;"banking, tobacco";2016
"343";"Reinhold Wuerth & family";8100;"fasteners";2016
"344";"James Goodnight";8000;"software";2016
"345";"Johann Graf";8000;"gambling";2016
"346";"Michael Hartono";7900;"tobacco, banking";2016
"347";"Dietmar Hopp & family";7900;"software";2016
"348";"Stanley Kroenke";7700;"sports, real estate";2016
"349";"Dmitry Rybolovlev";7700;"fertilizer";2016
"350";"Suh Kyung-Bae";7700;"cosmetics";2016
"351";"Roman Abramovich";7600;"steel, investments";2016
"352";"Emmanuel Besnier";7600;"cheese";2016
"353";"Lui Che Woo";7600;"casinos";2016
"354";"Robert & Philip Ng";7600;"real estate";2016
"355";"Mikhail Prokhorov";7600;"investments";2016
"356";"August von Finck";7600;"investments";2016
"357";"Ken Griffin";7500;"hedge funds";2016
"358";"Ananda Krishnan";7400;"telecom";2016
"359";"Eli Broad";7300;"investments";2016
"360";"Thomas Frist, Jr. & family";7300;"health care";2016
"361";"Herbert Kohler, Jr. & family";7300;"plumbing fixtures";2016
"362";"Harry Triguboff";7300;"property";2016
"363";"Edward Johnson, III.";7200;"money management";2016
"364";"Pierre Omidyar";7200;"eBay";2016
"365";"Takemitsu Takizaki";7200;"sensors";2016
"366";"Wang Wenyin";7200;"mining, copper products";2016
"367";"Micky Arison";7100;"Carnival Cruises";2016
"368";"George Kaiser";7100;"oil & gas, banking";2016
"369";"Les Wexner & family";7100;"retail";2016
"370";"Alberto Bailleres Gonzalez & family";6900;"mining";2016
"371";"Dhanin Chearavanont";6800;"diversified";2016
"372";"Margarita Louis-Dreyfus & family";6800;"commodities";2016
"373";"Alexei Kuzmichev";6700;"oil, banking, telecom";2016
"374";"Nicky Oppenheimer & family";6600;"diamonds";2016
"375";"Peter Woo";6600;"real estate";2016
"376";"Jean-Claude Decaux & family";6500;"advertising";2016
"377";"David Geffen";6500;"movies, record labels";2016
"378";"James Chambers";6400;"media";2016
"379";"Walter P.J. Droege";6400;"Consulting";2016
"380";"Graeme Hart";6400;"investments";2016
"381";"Sandra Ortega Mera";6400;"Zara";2016
"382";"Katharine Rayner";6400;"media";2016
"383";"Margaretta Taylor";6400;"media";2016
"384";"John Grayken";6300;"private equity";2016
"385";"Uday Kotak";6300;"banking";2016
"386";"Liu Qiangdong";6300;"e-commerce";2016
"387";"John Malone";6300;"cable television";2016
"388";"Silvio Berlusconi & family";6200;"media";2016
"389";"Garrett Camp";6200;"Uber Technologies";2016
"390";"Curt Engelhorn & family";6200;"pharmaceuticals";2016
"391";"Travis Kalanick";6200;"Uber Technologies";2016
"392";"Walter Kwok";6200;"real estate";2016
"393";"Eduardo Saverin";6200;"Facebook";2016
"394";"Xu Shihui & family";6200;"snacks, beverages";2016
"395";"Zong Qinghou";6200;"beverages";2016
"396";"Giorgio Armani";6100;"luxury goods";2016
"397";"Kumar Birla";6100;"commodities";2016
"398";"Eva Gonda de Rivera & family";6100;"beverages";2016
"399";"Wolfgang Marguerre";6100;"pharmaceuticals";2016
"400";"Hansjoerg Wyss";6100;"medical devices";2016
"401";"Bill Gates";86000;"Microsoft";2017
"402";"Warren Buffett";75600;"Berkshire Hathaway";2017
"403";"Jeff Bezos";72800;"Amazon.com";2017
"404";"Amancio Ortega";71300;"Zara";2017
"405";"Mark Zuckerberg";56000;"Facebook";2017
"406";"Carlos Slim Helu & family";54500;"telecom";2017
"407";"Larry Ellison";52200;"software";2017
"408";"Charles Koch";48300;"diversified";2017
"409";"David Koch";48300;"Koch Industries";2017
"410";"Michael Bloomberg";47500;"Bloomberg LP";2017
"411";"Bernard Arnault & family";41500;"LVMH";2017
"412";"Larry Page";40700;"Google";2017
"413";"Sergey Brin";39800;"Google";2017
"414";"Liliane Bettencourt & family";39500;"L'Oreal";2017
"415";"S. Robson Walton";34100;"Wal-Mart";2017
"416";"Jim Walton";34000;"Wal-Mart";2017
"417";"Alice Walton";33800;"Wal-Mart";2017
"418";"Wang Jianlin";31300;"real estate";2017
"419";"Li Ka-shing";31200;"diversified";2017
"420";"Sheldon Adelson";30400;"casinos";2017
"421";"Steve Ballmer";30000;"Microsoft";2017
"422";"Jorge Paulo Lemann & family";29200;"beer";2017
"423";"Jack Ma";28300;"e-commerce";2017
"424";"Beate Heister & Karl Albrecht Jr.";27200;"supermarkets";2017
"425";"David Thomson & family";27200;"media";2017
"426";"Jacqueline Mars";27000;"candy";2017
"427";"John Mars";27000;"candy";2017
"428";"Phil Knight & family";26200;"Nike";2017
"429";"Maria Franca Fissolo";25200;"Nutella, chocolates";2017
"430";"George Soros";25200;"hedge funds";2017
"431";"Ma Huateng";24900;"internet media";2017
"432";"Lee Shau Kee";24400;"real estate";2017
"433";"Mukesh Ambani";23200;"petrochemicals, oil & gas";2017
"434";"Masayoshi Son";21200;"internet, telecom";2017
"435";"Kjeld Kirk Kristiansen";21100;"Lego";2017
"436";"Georg Schaeffler";20700;"auto parts";2017
"437";"Joseph Safra";20500;"banking";2017
"438";"Michael Dell";20400;"Dell computers";2017
"439";"Susanne Klatten";20400;"BMW, pharmaceuticals";2017
"440";"Len Blavatnik";20000;"diversified";2017
"441";"Laurene Powell Jobs & family";20000;"Apple, Disney";2017
"442";"Paul Allen";19900;"Microsoft, investments";2017
"443";"Stefan Persson";19600;"H&M";2017
"444";"Theo Albrecht, Jr. & family";18800;"Aldi, Trader Joe's";2017
"445";"Prince Alwaleed Bin Talal Alsaud";18700;"investments";2017
"446";"Leonid Mikhelson";18400;"gas, chemicals";2017
"447";"Charles Ergen";18300;"satellite TV";2017
"448";"Stefan Quandt";18300;"BMW";2017
"449";"James Simons";18000;"hedge funds";2017
"450";"Leonardo Del Vecchio & family";17900;"eyeglasses";2017
"451";"Alexey Mordashov";17500;"steel, investments";2017
"452";"William Ding";17300;"online games";2017
"453";"Dieter Schwarz";17000;"retail";2017
"454";"Ray Dalio";16800;"hedge funds";2017
"455";"Carl Icahn";16600;"investments";2017
"456";"Lakshmi Mittal";16400;"steel";2017
"457";"Serge Dassault & family";16100;"diversified";2017
"458";"Vladimir Lisin";16100;"steel, transport";2017
"459";"Gennady Timchenko";16000;"oil, gas";2017
"460";"Wang Wei";15900;"package delivery";2017
"461";"Tadashi Yanai & family";15900;"fashion retail";2017
"462";"Charoen Sirivadhanabhakdi";15800;"drinks, real estate";2017
"463";"Francois Pinault & family";15700;"luxury goods";2017
"464";"Hinduja family";15400;"diversified";2017
"465";"David Reuben";15300;"investments, real estate";2017
"466";"Donald Bren";15200;"real estate";2017
"467";"Alisher Usmanov";15200;"steel, telecom, investments";2017
"468";"Lee Kun-Hee";15100;"Samsung";2017
"469";"Thomas & Raymond Kwok";15000;"real estate";2017
"470";"Joseph Lau";15000;"real estate";2017
"471";"Gina Rinehart";15000;"mining";2017
"472";"Azim Premji";14900;"software services";2017
"473";"Marcel Herrmann Telles";14800;"beer";2017
"474";"Vagit Alekperov";14500;"oil";2017
"475";"Mikhail Fridman";14400;"oil, banking, telecom";2017
"476";"Abigail Johnson";14400;"money management";2017
"477";"Pallonji Mistry";14300;"construction";2017
"478";"Vladimir Potanin";14300;"metals";2017
"479";"Wang Wenyin";14000;"mining, copper products";2017
"480";"Elon Musk";13900;"Tesla Motors";2017
"481";"Stefano Pessina";13900;"drugstores";2017
"482";"German Larrea Mota Velasco & family";13800;"mining";2017
"483";"Thomas Peterffy";13800;"discount brokerage";2017
"484";"Iris Fontbona & family";13700;"mining";2017
"485";"Dilip Shanghvi";13700;"pharmaceuticals";2017
"486";"Dietrich Mateschitz";13400;"Red Bull";2017
"487";"Harold Hamm & family";13300;"oil & gas";2017
"488";"Robin Li";13300;"internet search";2017
"489";"Andrey Melnichenko";13200;"coal, fertilizers";2017
"490";"Rupert Murdoch & family";13100;"newspapers, TV network";2017
"491";"Heinz Hermann Thiele & family";13100;"brakes";2017
"492";"Steve Cohen";13000;"hedge funds";2017
"493";"Patrick Drahi";13000;"telecom";2017
"494";"Henry Sy";12700;"diversified";2017
"495";"Charlene de Carvalho-Heineken & family";12600;"Heineken";2017
"496";"Philip Anschutz";12500;"investments";2017
"497";"Ronald Perelman";12500;"leveraged buyouts";2017
"498";"Hans Rausing & family";12500;"packaging";2017
"499";"Carlos Alberto Sicupira & family";12500;"beer";2017
"500";"Klaus-Michael Kuehne";12400;"shipping";2017
"501";"Viktor Vekselberg";12400;"metals, energy";2017
"502";"He Xiangjian";12300;"home appliances";2017
"503";"Shiv Nadar";12300;"software services";2017
"504";"Takemitsu Takizaki";12300;"sensors";2017
"505";"Aliko Dangote";12200;"cement, sugar, flour";2017
"506";"Petr Kellner";12200;"banking";2017
"507";"Jim Kennedy";12200;"media";2017
"508";"Blair Parry-Okeden";12200;"media";2017
"509";"Lui Che Woo";12100;"casinos";2017
"510";"Donald Newhouse";12100;"media";2017
"511";"Samuel Irving Newhouse, Jr.";12100;"media";2017
"512";"Stephen Schwarzman";11800;"investments";2017
"513";"Alain Wertheimer";11800;"Chanel";2017
"514";"Gerard Wertheimer";11800;"Chanel";2017
"515";"Robert Kuok";11400;"palm oil, shipping, property";2017
"516";"Emmanuel Besnier";11300;"cheese";2017
"517";"Lukas Walton";11300;"Wal-Mart";2017
"518";"Hasso Plattner & family";11200;"software";2017
"519";"Eric Schmidt";11100;"Google";2017
"520";"Luis Carlos Sarmiento";11000;"banking";2017
"521";"David Tepper";11000;"hedge funds";2017
"522";"Udo & Harald Tschira";11000;"software";2017
"523";"Alberto Bailleres Gonzalez & family";10800;"mining";2017
"524";"Dustin Moskovitz";10700;"Facebook";2017
"525";"Majid Al Futtaim & family";10600;"real estate, retail";2017
"526";"Peter Woo";10500;"real estate";2017
"527";"Andrew Beal";10400;"banks, real estate";2017
"528";"Hui Ka Yan";10200;"real estate";2017
"529";"John Menard, Jr.";10200;"home improvement stores";2017
"530";"Reinhold Wuerth & family";10000;"fasteners";2017
"531";"John Fredriksen";9900;"shipping";2017
"532";"Dhanin Chearavanont";9700;"diversified";2017
"533";"Kumar Birla";9500;"commodities";2017
"534";"Graeme Hart";9500;"investments";2017
"535";"Massimiliana Landini Aleotti & family";9500;"pharmaceuticals";2017
"536";"Galen Weston & family";9500;"retail";2017
"537";"James Goodnight";9400;"software";2017
"538";"German Khan";9300;"oil, banking, telecom";2017
"539";"Roman Abramovich";9100;"steel, investments";2017
"540";"R. Budi Hartono";9000;"banking, tobacco";2017
"541";"Dietmar Hopp & family";9000;"software";2017
"542";"Jan Koum";9000;"WhatsApp";2017
"543";"James Ratcliffe";9000;"chemicals";2017
"544";"Yang Huiyan";9000;"real estate";2017
"545";"Michael Hartono";8900;"banking, tobacco";2017
"546";"Leonard Lauder";8900;"Estee Lauder";2017
"547";"Eyal Ofer";8900;"real estate, shipping";2017
"548";"Mikhail Prokhorov";8900;"investments";2017
"549";"Thomas Frist, Jr. & family";8800;"health care";2017
"550";"Robert & Philip Ng";8700;"real estate";2017
"551";"Ernesto Bertarelli";8600;"biotech, investments";2017
"552";"Patrick Soon-Shiong";8600;"pharmaceuticals";2017
"553";"Harry Triguboff";8500;"real estate";2017
"554";"Yao Zhenhua";8400;"conglomerate";2017
"555";"Zhang Zhidong";8400;"internet media";2017
"556";"Viktor Rashnikov";8300;"steel";2017
"557";"Charles Schwab";8300;"discount brokerage";2017
"558";"Shahid Khan";8200;"auto parts";2017
"559";"Mohammed Al Amoudi";8100;"oil, diversified";2017
"560";"Micky Arison";8100;"Carnival Cruises";2017
"561";"James Chambers";8100;"media";2017
"562";"Xavier Niel";8100;"internet, telecom";2017
"563";"Cyrus Poonawalla";8100;"vaccines";2017
"564";"Katharine Rayner";8100;"media";2017
"565";"Margaretta Taylor";8100;"media";2017
"566";"Ken Griffin";8000;"hedge funds";2017
"567";"Herbert Kohler, Jr. & family";8000;"plumbing fixtures";2017
"568";"Uday Kotak";8000;"banking";2017
"569";"Pierre Omidyar";8000;"eBay";2017
"570";"George Kaiser";7900;"oil & gas, banking";2017
"571";"John Paulson";7900;"hedge funds";2017
"572";"Eduardo Saverin";7900;"Facebook";2017
"573";"Edward Johnson, III.";7800;"money management";2017
"574";"Eli Broad";7700;"investments";2017
"575";"Heinrich Deichmann & family";7700;"footwear";2017
"576";"Liu Qiangdong";7700;"e-commerce";2017
"577";"John Malone";7700;"cable television";2017
"578";"Michael Otto & family";7700;"retail, real estate";2017
"579";"Walter P.J. Droege";7600;"consulting";2017
"580";"James Irving";7600;"diversified";2017
"581";"Aloys Wobben";7600;"wind turbines";2017
"582";"Gianluigi & Rafaela Aponte";7500;"Shipping";2017
"583";"Terry Gou";7500;"electronics";2017
"584";"Stanley Kroenke";7500;"sports, real estate";2017
"585";"Sunil Mittal & family";7500;"telecom";2017
"586";"Carl Cook";7400;"medical devices";2017
"587";"Stephen Ross";7400;"real estate";2017
"588";"August von Finck";7400;"investments";2017
"589";"Zhou Qunfei";7400;"smartphone screens";2017
"590";"David Geffen";7300;"movies, record labels";2017
"591";"Walter Kwok";7300;"real estate";2017
"592";"Gordon Moore";7300;"Intel";2017
"593";"Dmitry Rybolovlev";7300;"fertilizer";2017
"594";"Johann Graf";7200;"gambling";2017
"595";"Richard Kinder";7200;"pipelines";2017
"596";"Alexei Kuzmichev";7200;"oil, banking, telecom";2017
"597";"Hank & Doug Meijer";7200;"supermarkets";2017
"598";"Zong Qinghou";7200;"beverages";2017
"599";"Silvio Berlusconi & family";7000;"media";2017
"600";"Nicky Oppenheimer & family";7000;"diamonds";2017
"601";"Jeff Bezos";112000;"Amazon";2018
"602";"Bill Gates";90000;"Microsoft";2018
"603";"Warren Buffett";84000;"Berkshire Hathaway";2018
"604";"Bernard Arnault & family";72000;"LVMH";2018
"605";"Mark Zuckerberg";71000;"Facebook";2018
"606";"Amancio Ortega";70000;"Zara";2018
"607";"Carlos Slim Helu & family";67100;"telecom";2018
"608";"Charles Koch";60000;"Koch Industries";2018
"609";"David Koch";60000;"Koch Industries";2018
"610";"Larry Ellison";58500;"software";2018
"611";"Michael Bloomberg";50000;"Bloomberg LP";2018
"612";"Larry Page";48800;"Google";2018
"613";"Sergey Brin";47500;"Google";2018
"614";"Jim Walton";46400;"Walmart";2018
"615";"Rob Walton";46200;"Walmart";2018
"616";"Alice Walton";46000;"Walmart";2018
"617";"Ma Huateng";45300;"internet media";2018
"618";"Francoise Bettencourt Meyers & family";42200;"L'Oreal";2018
"619";"Mukesh Ambani";40100;"petrochemicals, oil & gas";2018
"620";"Jack Ma";39000;"e-commerce";2018
"621";"Sheldon Adelson";38500;"casinos";2018
"622";"Steve Ballmer";38400;"Microsoft";2018
"623";"Li Ka-shing";34900;"diversified";2018
"624";"Hui Ka Yan";30300;"real estate";2018
"625";"Lee Shau Kee";30300;"real estate";2018
"626";"Wang Jianlin";30000;"real estate";2018
"627";"Beate Heister & Karl Albrecht Jr.";29800;"supermarkets";2018
"628";"Phil Knight & family";29600;"Nike";2018
"629";"Jorge Paulo Lemann & family";27400;"beer";2018
"630";"Francois Pinault & family";27000;"luxury goods";2018
"631";"Georg Schaeffler";25300;"auto parts";2018
"632";"Susanne Klatten";25000;"BMW, pharmaceuticals";2018
"633";"David Thomson & family";25000;"media";2018
"634";"Jacqueline Mars";23600;"candy, pet food";2018
"635";"John Mars";23600;"candy, pet food";2018
"636";"Joseph Safra";23500;"banking";2018
"637";"Giovanni Ferrero";23000;"Nutella, chocolates";2018
"638";"Dietrich Mateschitz";23000;"Red Bull";2018
"639";"Michael Dell";22700;"Dell computers";2018
"640";"Masayoshi Son";22700;"internet, telecom";2018
"641";"Serge Dassault & family";22600;"diversified";2018
"642";"Stefan Quandt";22000;"BMW";2018
"643";"Yang Huiyan";21900;"real estate";2018
"644";"Paul Allen";21700;"Microsoft, investments";2018
"645";"Leonardo Del Vecchio & family";21200;"eyeglasses";2018
"646";"Dieter Schwarz";20900;"retail";2018
"647";"Thomas Peterffy";20300;"discount brokerage";2018
"648";"Theo Albrecht, Jr. & family";20200;"Aldi, Trader Joe's";2018
"649";"Len Blavatnik";20200;"diversified";2018
"650";"He Xiangjian";20100;"home appliances";2018
"651";"Lui Che Woo & family";20100;"casinos/hotels";2018
"652";"James Simons";20000;"hedge funds";2018
"653";"Henry Sy";20000;"diversified";2018
"654";"Elon Musk";19900;"Tesla Motors";2018
"655";"Hinduja brothers";19500;"diversified";2018
"656";"Tadashi Yanai & family";19500;"fashion retail";2018
"657";"Vladimir Lisin";19100;"steel, transport";2018
"658";"Laurene Powell Jobs & family";18800;"Apple, Disney";2018
"659";"Azim Premji";18800;"software services";2018
"660";"Alexey Mordashov";18700;"steel, investments";2018
"661";"Lee Kun-hee";18600;"Samsung";2018
"662";"Lakshmi Mittal";18500;"steel";2018
"663";"Wang Wei";18200;"package delivery";2018
"664";"Leonid Mikhelson";18000;"gas, chemicals";2018
"665";"Charoen Sirivadhanabhakdi";17900;"alcohol, real estate";2018
"666";"Pallonji Mistry";17800;"construction";2018
"667";"Ray Dalio";17700;"hedge funds";2018
"668";"Takemitsu Takizaki";17500;"sensors";2018
"669";"William Ding";17400;"online games";2018
"670";"R. Budi Hartono";17400;"banking, tobacco";2018
"671";"Gina Rinehart";17400;"mining";2018
"672";"German Larrea Mota Velasco & family";17300;"mining";2018
"673";"Carl Icahn";16800;"investments";2018
"674";"Stefan Persson";16800;"H&M";2018
"675";"Michael Hartono";16700;"banking, tobacco";2018
"676";"Joseph Lau";16700;"real estate";2018
"677";"Thomas & Raymond Kwok";16500;"real estate";2018
"678";"Vagit Alekperov";16400;"oil";2018
"679";"James Ratcliffe";16400;"chemicals";2018
"680";"Donald Bren";16300;"real estate";2018
"681";"Iris Fontbona & family";16300;"mining";2018
"682";"Gennady Timchenko";16000;"oil, gas";2018
"683";"Abigail Johnson";15900;"money management";2018
"684";"Vladimir Potanin";15900;"metals";2018
"685";"Lukas Walton";15900;"Walmart";2018
"686";"Charlene de Carvalho-Heineken & family";15800;"Heineken";2018
"687";"Zhang Zhidong";15600;"internet media";2018
"688";"Petr Kellner";15500;"finance, telecommunications";2018
"689";"Andrey Melnichenko";15500;"coal, fertilizers";2018
"690";"David Reuben";15500;"investments, real estate";2018
"691";"Klaus-Michael Kuehne";15300;"shipping";2018
"692";"Li Shufu";15300;"automobiles";2018
"693";"Mikhail Fridman";15100;"oil, banking, telecom";2018
"694";"Rupert Murdoch & family";15000;"newspapers, TV network";2018
"695";"Dhanin Chearavanont";14900;"diversified";2018
"696";"Robert Kuok";14800;"palm oil, shipping, property";2018
"697";"Emmanuel Besnier";14700;"cheese";2018
"698";"Shiv Nadar";14600;"software services";2018
"699";"Viktor Vekselberg";14400;"metals, energy";2018
"700";"Aliko Dangote";14100;"cement, sugar, flour";2018
"701";"Harold Hamm & family";14100;"oil & gas";2018
"702";"Steve Cohen";14000;"hedge funds";2018
"703";"Dustin Moskovitz";14000;"Facebook";2018
"704";"Marcel Herrmann Telles";14000;"beer";2018
"705";"Reinhold Wuerth & family";13600;"fasteners";2018
"706";"Charles Ergen";13400;"satellite TV";2018
"707";"Eric Schmidt";13400;"Google";2018
"708";"Philip Anschutz";13000;"investments";2018
"709";"Jim Kennedy";13000;"media";2018
"710";"Blair Parry-Okeden";13000;"media, automotive";2018
"711";"Alain Wertheimer";13000;"Chanel";2018
"712";"Gerard Wertheimer";13000;"Chanel";2018
"713";"Leonard Lauder";12900;"Estee Lauder";2018
"714";"Heinz Hermann Thiele & family";12900;"brakes";2018
"715";"Dilip Shanghvi";12800;"pharmaceuticals";2018
"716";"Hasso Plattner & family";12700;"software";2018
"717";"Stephen Schwarzman";12600;"investments";2018
"718";"Lei Jun";12500;"smartphones";2018
"719";"Hans Rausing & family";12500;"packaging";2018
"720";"Alisher Usmanov";12500;"steel, telecom, investments";2018
"721";"Donald Newhouse";12300;"media";2018
"722";"Peter Woo";12200;"real estate";2018
"723";"Luis Carlos Sarmiento";12100;"banking";2018
"724";"Robin Li";12000;"internet search";2018
"725";"Carlos Alberto Sicupira & family";12000;"beer";2018
"726";"Seo Jung-jin";11900;"biotech";2018
"727";"Kumar Birla";11800;"commodities";2018
"728";"Alexander Otto";11800;"real estate";2018
"729";"Stefano Pessina";11800;"drugstores";2018
"730";"Udo & Harald Tschira";11700;"software";2018
"731";"Wang Wenyin";11700;"mining, copper products";2018
"732";"Andrew Beal";11600;"banks, real estate";2018
"733";"Lee Man Tat";11600;"Oyster sauce, real estate";2018
"734";"John Menard, Jr.";11500;"home improvement stores";2018
"735";"Xu Shihui & family";11300;"snacks, beverages";2018
"736";"Zhou Hongyi";11300;"security software";2018
"737";"Gong Hongjia & family";11200;"video surveillance";2018
"738";"Michael Otto & family";11000;"retail, real estate";2018
"739";"David Tepper";11000;"hedge funds";2018
"740";"Roman Abramovich";10800;"steel, investments";2018
"741";"Richard Liu";10800;"e-commerce";2018
"742";"Robert & Philip Ng";10800;"real estate";2018
"743";"Alberto Bailleres Gonzalez & family";10700;"mining";2018
"744";"Uday Kotak";10700;"banking";2018
"745";"Pierre Omidyar";10500;"eBay";2018
"746";"Walter P.J. Droege";10300;"consulting";2018
"747";"Dietmar Hopp & family";10200;"software";2018
"748";"Graeme Hart";10100;"investments";2018
"749";"Eduardo Saverin";10100;"Facebook";2018
"750";"Yan Zhi";10100;"real estate";2018
"751";"Radhakishan Damani & family";10000;"investments, retail";2018
"752";"German Khan";9800;"oil, banking, telecom";2018
"753";"Ronald Perelman";9800;"leveraged buyouts";2018
"754";"Gautam Adani";9700;"commodities, ports";2018
"755";"Micky Arison";9700;"Carnival Cruises";2018
"756";"Pan Zhengmin & family";9700;"electronics";2018
"757";"Joseph Tsai";9700;"e-commerce";2018
"758";"Thomas Frist, Jr. & family";9600;"health care";2018
"759";"Mikhail Prokhorov";9600;"investments";2018
"760";"Galen Weston & family";9500;"retail";2018
"761";"Zong Qinghou";9500;"beverages";2018
"762";"Eyal Ofer";9400;"real estate, shipping";2018
"763";"Charles Schwab";9400;"discount brokerage";2018
"764";"Gianluigi & Rafaela Aponte";9300;"Shipping";2018
"765";"Herbert Kohler, Jr. & family";9300;"plumbing fixtures";2018
"766";"Viktor Rashnikov";9300;"steel";2018
"767";"Harry Triguboff";9200;"real estate";2018
"768";"August von Finck";9200;"investments";2018
"769";"Yao Zhenhua & family";9200;"conglomerate";2018
"770";"Jan Koum";9100;"WhatsApp";2018
"771";"Cyrus Poonawalla";9100;"vaccines";2018
"772";"James Goodnight";9000;"software";2018
"773";"Ken Griffin";9000;"hedge funds";2018
"774";"Giorgio Armani";8900;"luxury goods";2018
"775";"Ernesto Bertarelli";8900;"biotech, investments";2018
"776";"Savitri Jindal & family";8800;"steel";2018
"777";"Sunil Mittal & family";8800;"telecom";2018
"778";"James Chambers";8700;"media, automotive";2018
"779";"Katharine Rayner";8700;"media, automotive";2018
"780";"Margaretta Taylor";8700;"media, automotive";2018
"781";"Terry Gou";8500;"electronics";2018
"782";"Gordon Moore";8500;"Intel";2018
"783";"James Irving";8300;"diversified";2018
"784";"Stanley Kroenke";8300;"sports, real estate";2018
"785";"Melker Schorling";8200;"investments";2018
"786";"Johann Graf";8100;"gambling";2018
"787";"Guo Guangchang";8100;"conglomerate";2018
"788";"John Malone";8100;"cable television";2018
"789";"Xavier Niel";8100;"internet, telecom";2018
"790";"Silvio Berlusconi & family";8000;"media";2018
"791";"Carl Cook";8000;"medical devices";2018
"792";"David Geffen";8000;"movies, record labels";2018
"793";"Hui Wing Mau";8000;"real estate";2018
"794";"Walter Kwok";8000;"real estate";2018
"795";"George Soros";8000;"hedge funds";2018
"796";"Edward Johnson, III.";7900;"money management";2018
"797";"Massimiliana Landini Aleotti & family";7900;"pharmaceuticals";2018
"798";"David Duffield";7800;"business software";2018
"799";"George Kaiser";7800;"oil & gas, banking";2018
"800";"Patrick Soon-Shiong";7800;"pharmaceuticals";2018
"801";"Jeff Bezos";131000;"Amazon";2019
"802";"Bill Gates";96500;"Microsoft";2019
"803";"Warren Buffett";82500;"Berkshire Hathaway";2019
"804";"Bernard Arnault & family";76000;"LVMH";2019
"805";"Carlos Slim Helu & family";64000;"telecom";2019
"806";"Amancio Ortega";62700;"Zara";2019
"807";"Larry Ellison";62500;"software";2019
"808";"Mark Zuckerberg";62300;"Facebook";2019
"809";"Michael Bloomberg";55500;"Bloomberg LP";2019
"810";"Larry Page";50800;"Google";2019
"811";"Charles Koch";50500;"Koch Industries";2019
"812";"David Koch";50500;"Koch Industries";2019
"813";"Mukesh Ambani";50000;"petrochemicals, oil & gas";2019
"814";"Sergey Brin";49800;"Google";2019
"815";"Francoise Bettencourt Meyers & family";49300;"L'Oreal";2019
"816";"Jim Walton";44600;"Walmart";2019
"817";"Alice Walton";44400;"Walmart";2019
"818";"Rob Walton";44300;"Walmart";2019
"819";"Steve Ballmer";41200;"Microsoft";2019
"820";"Ma Huateng";38800;"internet media";2019
"821";"Jack Ma";37300;"e-commerce";2019
"822";"Hui Ka Yan";36200;"real estate";2019
"823";"Beate Heister & Karl Albrecht Jr.";36100;"supermarkets";2019
"824";"Sheldon Adelson";35100;"casinos";2019
"825";"Michael Dell";34300;"Dell computers";2019
"826";"Phil Knight & family";33400;"Nike";2019
"827";"David Thomson & family";32500;"media";2019
"828";"Li Ka-shing";31700;"diversified";2019
"829";"Lee Shau Kee";30100;"real estate";2019
"830";"Francois Pinault & family";29700;"luxury goods";2019
"831";"Joseph Safra";25200;"banking";2019
"832";"Leonid Mikhelson";24000;"gas, chemicals";2019
"833";"Jacqueline Mars";23900;"candy, pet food";2019
"834";"John Mars";23900;"candy, pet food";2019
"835";"Jorge Paulo Lemann & family";22800;"beer";2019
"836";"Azim Premji";22600;"software services";2019
"837";"Dieter Schwarz";22600;"retail";2019
"838";"Wang Jianlin";22600;"real estate";2019
"839";"Giovanni Ferrero";22400;"Nutella, chocolates";2019
"840";"Elon Musk";22300;"Tesla Motors";2019
"841";"Tadashi Yanai & family";22200;"fashion retail";2019
"842";"Yang Huiyan & family";22100;"real estate";2019
"843";"Masayoshi Son";21600;"internet, telecom";2019
"844";"Jim Simons";21500;"hedge funds";2019
"845";"Vladimir Lisin";21300;"steel, transport";2019
"846";"Susanne Klatten";21000;"BMW, pharmaceuticals";2019
"847";"Vagit Alekperov";20700;"oil";2019
"848";"Alexey Mordashov & family";20500;"steel, investments";2019
"849";"Gennady Timchenko";20100;"oil, gas";2019
"850";"Leonardo Del Vecchio & family";19800;"eyeglasses";2019
"851";"He Xiangjian";19800;"home appliances";2019
"852";"Rupert Murdoch & family";19400;"newspapers, TV network";2019
"853";"Dietrich Mateschitz";18900;"Red Bull";2019
"854";"R. Budi Hartono";18600;"banking, tobacco";2019
"855";"Laurene Powell Jobs & family";18600;"Apple, Disney";2019
"856";"Michael Hartono";18500;"banking, tobacco";2019
"857";"Ray Dalio";18400;"hedge funds";2019
"858";"Vladimir Potanin";18100;"metals";2019
"859";"Len Blavatnik";17700;"diversified";2019
"860";"Stefan Quandt";17500;"BMW";2019
"861";"Theo Albrecht, Jr. & family";17400;"Aldi, Trader Joe's";2019
"862";"Carl Icahn";17400;"investments";2019
"863";"Lee Man Tat";17100;"Oyster sauce, real estate";2019
"864";"Thomas Peterffy";17100;"discount brokerage";2019
"865";"Hinduja brothers";16900;"diversified";2019
"866";"Joseph Lau";16900;"real estate";2019
"867";"Lee Kun-hee";16900;"Samsung";2019
"868";"Donald Bren";16400;"real estate";2019
"869";"Takemitsu Takizaki";16300;"sensors";2019
"870";"Zhang Yiming";16200;"software";2019
"871";"Abigail Johnson";15600;"money management";2019
"872";"Stefan Persson";15600;"H&M";2019
"873";"Petr Kellner";15500;"finance, telecommunications";2019
"874";"Iris Fontbona & family";15400;"mining";2019
"875";"Dhanin Chearavanont";15200;"diversified";2019
"876";"Gina Rinehart";15200;"mining";2019
"877";"Lukas Walton";15200;"Walmart";2019
"878";"Kwong Siu-hing";15100;"real estate";2019
"879";"Mikhail Fridman";15000;"oil, banking, telecom";2019
"880";"Pallonji Mistry";15000;"construction";2019
"881";"William Lei Ding";14700;"online games";2019
"882";"Leonard Lauder";14600;"Estee Lauder";2019
"883";"Lui Che Woo & family";14600;"casinos/hotels";2019
"884";"Shiv Nadar";14600;"software services";2019
"885";"Alain Wertheimer";14600;"Chanel";2019
"886";"Gerard Wertheimer";14600;"Chanel";2019
"887";"Charoen Sirivadhanabhakdi";14500;"alcohol, real estate";2019
"888";"Emmanuel Besnier";14300;"cheese";2019
"889";"Charlene de Carvalho-Heineken & family";14200;"Heineken";2019
"890";"Andrey Melnichenko";13800;"coal, fertilizers";2019
"891";"Li Shufu";13600;"automobiles";2019
"892";"Lakshmi Mittal";13600;"steel";2019
"893";"Heinz Hermann Thiele & family";13600;"brakes";2019
"894";"Colin Zheng Huang";13500;"e-commerce";2019
"895";"Hasso Plattner & family";13500;"software";2019
"896";"Dietmar Hopp & family";13400;"software";2019
"897";"Georg Schaeffler";13400;"auto parts";2019
"898";"German Larrea Mota Velasco & family";13300;"mining";2019
"899";"Zhang Zhidong";13300;"internet media";2019
"900";"Stephen Schwarzman";13200;"investments";2019
"901";"Steve Cohen";12900;"hedge funds";2019
"902";"Klaus-Michael Kuehne";12900;"shipping";2019
"903";"Eric Schmidt";12900;"Google";2019
"904";"Robert Kuok";12800;"palm oil, shipping, property";2019
"905";"Harold Hamm & family";12700;"oil & gas";2019
"906";"Alisher Usmanov";12600;"steel, telecom, investments";2019
"907";"Roman Abramovich";12400;"steel, investments";2019
"908";"Thomas Frist, Jr. & family";12400;"hospitals";2019
"909";"Stefano Pessina";12400;"drugstores";2019
"910";"James Ratcliffe";12100;"chemicals";2019
"911";"Wang Wei";12100;"package delivery";2019
"912";"Robert & Philip Ng";12000;"real estate";2019
"913";"Hans Rausing & family";12000;"packaging";2019
"914";"David Duffield";11800;"business software";2019
"915";"Uday Kotak";11800;"banking";2019
"916";"Donald Newhouse";11800;"media";2019
"917";"Ken Griffin";11700;"hedge funds";2019
"918";"David Tepper";11600;"hedge funds";2019
"919";"Viktor Vekselberg";11500;"metals, energy";2019
"920";"Pierre Omidyar";11400;"eBay, PayPal";2019
"921";"Reinhold Wuerth & family";11200;"fasteners";2019
"922";"Kumar Birla";11100;"commodities";2019
"923";"Radhakishan Damani & family";11100;"investments, retail";2019
"924";"Dustin Moskovitz";11100;"Facebook";2019
"925";"Ricardo Salinas Pliego & family";11100;"retail, media";2019
"926";"Udo & Harald Tschira";11100;"software";2019
"927";"Wang Wenyin";11000;"mining, copper products";2019
"928";"Philip Anschutz";10900;"investments";2019
"929";"John Fredriksen";10800;"shipping";2019
"930";"Luis Carlos Sarmiento";10800;"banking";2019
"931";"Peter Woo";10800;"real estate";2019
"932";"Alexander Otto";10700;"real estate";2019
"933";"Gianluigi & Rafaela Aponte";10500;"Shipping";2019
"934";"John Menard, Jr.";10500;"home improvement stores";2019
"935";"Rodolphe Saade & family";10500;"shipping";2019
"936";"Aliko Dangote";10400;"cement, sugar, flour";2019
"937";"Walter P.J. Droege";10200;"consulting";2019
"938";"Marcel Herrmann Telles";9900;"beer";2019
"939";"Mikhail Prokhorov";9800;"investments";2019
"940";"German Khan";9700;"oil, banking, telecom";2019
"941";"Gordon Moore";9700;"Intel";2019
"942";"Eduardo Saverin";9700;"Facebook";2019
"943";"Charles Ergen";9600;"satellite TV";2019
"944";"Jan Koum";9600;"WhatsApp";2019
"945";"Lei Jun";9600;"smartphones";2019
"946";"Robin Li";9600;"internet search";2019
"947";"Cyrus Poonawalla";9500;"vaccines";2019
"948";"Joseph Tsai";9500;"e-commerce";2019
"949";"Eyal Ofer";9400;"real estate, shipping";2019
"950";"Ronald Perelman";9400;"leveraged buyouts";2019
"951";"Quek Leng Chan";9400;"banking, property";2019
"952";"Wu Yajun & family";9400;"real estate";2019
"953";"Jim Kennedy";9300;"media, automotive";2019
"954";"Blair Parry-Okeden";9300;"media, automotive";2019
"955";"Xu Shihui";9300;"snacks, beverages";2019
"956";"Mike Adenuga";9200;"telecom, oil";2019
"957";"Harry Triguboff";9200;"real estate";2019
"958";"Andrew Beal";9100;"banks, real estate";2019
"959";"Graeme Hart";9100;"investments";2019
"960";"Hui Wing Mau";9000;"real estate";2019
"961";"Sun Hongbin";9000;"real estate";2019
"962";"Micky Arison";8900;"Carnival Cruises";2019
"963";"James Goodnight";8900;"software";2019
"964";"Pang Kang";8900;"soy sauce maker";2019
"965";"Viktor Rashnikov";8900;"steel";2019
"966";"Carlos Alberto Sicupira & family";8900;"beer";2019
"967";"Gautam Adani";8700;"commodities, ports";2019
"968";"Leonid Fedun & family";8700;"oil";2019
"969";"Stanley Kroenke";8700;"sports, real estate";2019
"970";"Jorn Rausing";8700;"packaging";2019
"971";"Gong Hongjia & family";8600;"video surveillance";2019
"972";"Michael Kadoorie";8600;"hotels, energy";2019
"973";"Giorgio Armani";8500;"luxury goods";2019
"974";"Sun Piaoyang";8400;"pharmaceuticals";2019
"975";"August von Finck";8400;"investments";2019
"976";"Galen Weston & family";8400;"retail";2019
"977";"Zong Qinghou";8400;"beverages";2019
"978";"Carl Cook";8300;"medical devices";2019
"979";"Charles Schwab";8300;"discount brokerage";2019
"980";"George Soros";8300;"hedge funds";2019
"981";"Johann Graf";8100;"gambling";2019
"982";"Seo Jung-jin";8100;"biotech";2019
"983";"Ernesto Bertarelli";8000;"biotech, investments";2019
"984";"Michael Platt";8000;"hedge funds";2019
"985";"Finn Rausing";7900;"packaging";2019
"986";"Kirsten Rausing";7900;"packaging";2019
"987";"David Geffen";7800;"movies, record labels";2019
"988";"Edward Johnson, III.";7800;"money management";2019
"989";"Ma Jianrong & family";7800;"textiles, apparel";2019
"990";"Patrick Drahi";7700;"telecom";2019
"991";"George Kaiser";7600;"oil & gas, banking";2019
"992";"Stephen Ross";7600;"real estate";2019
"993";"Dilip Shanghvi";7600;"pharmaceuticals";2019
"994";"Eric Wittouck";7600;"Investments";2019
"995";"Alexei Kuzmichev";7500;"oil, banking, telecom";2019
"996";"David Reuben";7500;"investments, real estate";2019
"997";"Simon Reuben";7500;"real estate, investments";2019
"998";"Alberto Bailleres Gonzalez & family";7400;"mining";2019
"999";"Massimiliana Landini Aleotti & family";7400;"pharmaceuticals";2019
"1000";"Herbert Kohler, Jr. & family";7300;"plumbing fixtures";2019
"1001";"Jeff Bezos";113000;"Amazon";2020
"1002";"Bill Gates";98000;"Microsoft";2020
"1003";"Bernard Arnault & family";76000;"LVMH";2020
"1004";"Warren Buffett";67500;"Berkshire Hathaway";2020
"1005";"Larry Ellison";59000;"software";2020
"1006";"Amancio Ortega";55100;"Zara";2020
"1007";"Mark Zuckerberg";54700;"Facebook";2020
"1008";"Jim Walton";54600;"Walmart";2020
"1009";"Alice Walton";54400;"Walmart";2020
"1010";"Rob Walton";54100;"Walmart";2020
"1011";"Steve Ballmer";52700;"Microsoft";2020
"1012";"Carlos Slim Helu & family";52100;"telecom";2020
"1013";"Larry Page";50900;"Google";2020
"1014";"Sergey Brin";49100;"Google";2020
"1015";"Francoise Bettencourt Meyers & family";48900;"L'Oreal";2020
"1016";"Michael Bloomberg";48000;"Bloomberg LP";2020
"1017";"Jack Ma";38800;"e-commerce";2020
"1018";"Charles Koch";38200;"Koch Industries";2020
"1019";"Julia Koch & family";38200;"Koch Industries";2020
"1020";"Ma Huateng";38100;"internet media";2020
"1021";"Mukesh Ambani";36800;"petrochemicals, oil & gas";2020
"1022";"MacKenzie Scott";36000;"Amazon.com";2020
"1023";"Beate Heister & Karl Albrecht Jr.";33300;"supermarkets";2020
"1024";"David Thomson & family";31600;"media";2020
"1025";"Phil Knight & family";29500;"Nike";2020
"1026";"Lee Shau Kee";28100;"real estate";2020
"1027";"Francois Pinault & family";27000;"luxury goods";2020
"1028";"Sheldon Adelson";26800;"casinos";2020
"1029";"Jacqueline Mars";24700;"candy, pet food";2020
"1030";"John Mars";24700;"candy, pet food";2020
"1031";"Elon Musk";24600;"Tesla, SpaceX";2020
"1032";"Giovanni Ferrero";24500;"Nutella, chocolates";2020
"1033";"Michael Dell";22900;"Dell computers";2020
"1034";"Hui Ka Yan";21800;"real estate";2020
"1035";"Li Ka-shing";21700;"diversified";2020
"1036";"He Xiangjian";21600;"home appliances";2020
"1037";"Jim Simons";21600;"hedge funds";2020
"1038";"Yang Huiyan & family";20300;"real estate";2020
"1039";"Joseph Safra";19900;"banking";2020
"1040";"Dieter Schwarz";19800;"retail";2020
"1041";"Vladimir Potanin";19700;"metals";2020
"1042";"Tadashi Yanai & family";19700;"fashion retail";2020
"1043";"Qin Yinglin & family";18500;"pig breeding";2020
"1044";"Lukas Walton";18400;"Walmart";2020
"1045";"Vladimir Lisin";18100;"steel, transport";2020
"1046";"Ray Dalio";18000;"hedge funds";2020
"1047";"Takemitsu Takizaki";17400;"sensors";2020
"1048";"Leonid Mikhelson";17100;"gas, chemicals";2020
"1049";"Alain Wertheimer";17100;"Chanel";2020
"1050";"Gerard Wertheimer";17100;"Chanel";2020
"1051";"Theo Albrecht, Jr. & family";17000;"Aldi, Trader Joe's";2020
"1052";"Len Blavatnik";17000;"diversified";2020
"1053";"William Lei Ding";17000;"online games";2020
"1054";"Susanne Klatten";16800;"BMW, pharmaceuticals";2020
"1055";"Alexey Mordashov & family";16800;"steel, investments";2020
"1056";"Masayoshi Son";16600;"internet, telecom";2020
"1057";"Colin Zheng Huang";16500;"e-commerce";2020
"1058";"Dietrich Mateschitz";16500;"Red Bull";2020
"1059";"Joseph Lau";16400;"real estate";2020
"1060";"Laurene Powell Jobs & family";16400;"Apple, Disney";2020
"1061";"Zhang Yiming";16200;"software";2020
"1062";"Leonardo Del Vecchio & family";16100;"eyeglasses";2020
"1063";"Donald Bren";15500;"real estate";2020
"1064";"Stephen Schwarzman";15400;"investments";2020
"1065";"Vagit Alekperov";15200;"oil";2020
"1066";"Lee Man Tat";15200;"food";2020
"1067";"Wang Wei";15200;"package delivery";2020
"1068";"Petr Kellner";14900;"finance, telecommunications";2020
"1069";"Rupert Murdoch & family";14900;"newspapers, TV network";2020
"1070";"Leonard Lauder";14600;"Estee Lauder";2020
"1071";"Zhong Huijuan";14600;"pharmaceuticals";2020
"1072";"Gennady Timchenko";14400;"oil, gas";2020
"1073";"Thomas Peterffy";14300;"discount brokerage";2020
"1074";"Klaus-Michael Kuehne";14200;"shipping";2020
"1075";"Lee Kun-hee";14100;"Samsung";2020
"1076";"Wang Jianlin";14000;"real estate";2020
"1077";"Steve Cohen";13900;"hedge funds";2020
"1078";"Radhakishan Damani & family";13800;"retail, investments";2020
"1079";"Carl Icahn";13800;"investments";2020
"1080";"R. Budi Hartono";13600;"banking, tobacco";2020
"1081";"Dhanin Chearavanont";13500;"diversified";2020
"1082";"Stefan Persson";13500;"H&M";2020
"1083";"Alisher Usmanov";13400;"steel, telecom, investments";2020
"1084";"Eric Schmidt";13200;"Google";2020
"1085";"Gina Rinehart";13100;"mining";2020
"1086";"Walter P.J. Droege";13000;"consulting";2020
"1087";"Mikhail Fridman";13000;"oil, banking, telecom";2020
"1088";"Michael Hartono";13000;"banking, tobacco";2020
"1089";"Dietmar Hopp & family";13000;"software";2020
"1090";"Zhang Zhidong";13000;"internet media";2020
"1091";"Hinduja brothers";12900;"diversified";2020
"1092";"Heinz Hermann Thiele & family";12900;"brakes";2020
"1093";"Charlene de Carvalho-Heineken & family";12800;"Heineken";2020
"1094";"Emmanuel Besnier";12700;"cheese";2020
"1095";"Andrey Melnichenko";12500;"coal, fertilizers";2020
"1096";"Li Shufu";12400;"automobiles";2020
"1097";"Hasso Plattner & family";12400;"software";2020
"1098";"Liu Yonghao & family";12300;"agribusiness";2020
"1099";"Stefan Quandt";12300;"BMW";2020
"1100";"Ken Griffin";12100;"hedge funds";2020
"1101";"David Tepper";12000;"hedge funds";2020
"1102";"Wu Yajun & family";12000;"real estate";2020
"1103";"Kwong Siu-hing";11900;"real estate";2020
"1104";"Shiv Nadar";11900;"software services";2020
"1105";"Sun Piaoyang";11800;"pharmaceuticals";2020
"1106";"Lui Che Woo & family";11700;"casinos/hotels";2020
"1107";"Ricardo Salinas Pliego & family";11700;"retail, media";2020
"1108";"Li Xiting";11600;"medical devices";2020
"1109";"Reinhold Wuerth & family";11600;"fasteners";2020
"1110";"John Menard, Jr.";11500;"home improvement stores";2020
"1111";"Pang Kang";11500;"soy sauce";2020
"1112";"Peter Woo";11500;"real estate";2020
"1113";"Roman Abramovich";11300;"steel, investments";2020
"1114";"Udo & Harald Tschira";11300;"software";2020
"1115";"Mikhail Prokhorov";11200;"investments";2020
"1116";"Xu Hang";11200;"medical devices";2020
"1117";"Pallonji Mistry";11100;"construction";2020
"1118";"Philip Anschutz";11000;"investments";2020
"1119";"German Larrea Mota Velasco & family";11000;"mining";2020
"1120";"Pierre Omidyar";11000;"eBay, PayPal";2020
"1121";"James Ratcliffe";11000;"chemicals";2020
"1122";"Zhang Yong";11000;"restaurants";2020
"1123";"Robert & Philip Ng";10900;"real estate";2020
"1124";"Iris Fontbona & family";10800;"mining";2020
"1125";"Abigail Johnson";10800;"money management";2020
"1126";"Donald Newhouse";10800;"media";2020
"1127";"Graeme Hart";10500;"investments";2020
"1128";"Viktor Vekselberg";10500;"metals, energy";2020
"1129";"Goh Cheng Liang";10400;"paints";2020
"1130";"Uday Kotak";10400;"banking";2020
"1131";"Jorge Paulo Lemann & family";10400;"beer";2020
"1132";"Jorn Rausing";10300;"packaging";2020
"1133";"Hank & Doug Meijer";10200;"supermarkets";2020
"1134";"Stefano Pessina";10200;"drugstores";2020
"1135";"Suleiman Kerimov & family";10000;"investments";2020
"1136";"Stanley Kroenke";10000;"sports, real estate";2020
"1137";"Joseph Tsai";10000;"e-commerce";2020
"1138";"Gordon Moore";9800;"Intel";2020
"1139";"Jan Koum";9700;"WhatsApp";2020
"1140";"Robin Zeng";9700;"batteries";2020
"1141";"John Fredriksen";9600;"shipping";2020
"1142";"Robert Kuok";9600;"palm oil, shipping, property";2020
"1143";"Andreas Struengmann & family";9600;"pharmaceuticals";2020
"1144";"Thomas Struengmann & family";9600;"pharmaceuticals";2020
"1145";"Hui Wing Mau";9500;"real estate";2020
"1146";"Dustin Moskovitz";9300;"Facebook";2020
"1147";"Lei Jun";9200;"smartphones";2020
"1148";"Quek Leng Chan";9200;"banking, property";2020
"1149";"Sun Hongbin";9200;"real estate";2020
"1150";"Finn Rausing";9100;"packaging";2020
"1151";"Kirsten Rausing";9100;"packaging";2020
"1152";"Charoen Sirivadhanabhakdi";9100;"alcohol, real estate";2020
"1153";"Stewart and Lynda Resnick";9000;"agriculture, water";2020
"1154";"Luis Carlos Sarmiento";9000;"banking";2020
"1155";"Gautam Adani";8900;"commodities, ports";2020
"1156";"Christy Walton";8900;"Walmart";2020
"1157";"Sunil Mittal & family";8800;"telecom";2020
"1158";"Zhang Bangxin";8800;"education";2020
"1159";"Anthony Pratt";8700;"manufacturing";2020
"1160";"German Khan";8500;"oil, banking, telecom";2020
"1161";"Eduardo Saverin";8400;"Facebook";2020
"1162";"Aliko Dangote";8300;"cement, sugar";2020
"1163";"George Soros";8300;"hedge funds";2020
"1164";"Zong Qinghou";8300;"beverages";2020
"1165";"Richard Qiangdong Liu";8200;"e-commerce";2020
"1166";"Friedhelm Loh";8200;"manufacturing";2020
"1167";"Lu Zhongfang";8200;"education";2020
"1168";"Cyrus Poonawalla";8200;"vaccines";2020
"1169";"Ernesto Bertarelli";8000;"biotech, investments";2020
"1170";"Mike Cannon-Brookes";8000;"software";2020
"1171";"Carl Cook";8000;"medical devices";2020
"1172";"Scott Farquhar";8000;"software";2020
"1173";"Gong Hongjia & family";8000;"video surveillance";2020
"1174";"Jerry Jones";8000;"Dallas Cowboys";2020
"1175";"Michael Platt";8000;"hedge funds";2020
"1176";"Anders Holch Povlsen";8000;"fashion retail";2020
"1177";"Eric Wittouck";8000;"Investments";2020
"1178";"Xu Shihui";8000;"snacks, beverages";2020
"1179";"Andrew Beal";7900;"banks, real estate";2020
"1180";"Ann Walton Kroenke";7900;"Walmart";2020
"1181";"Wang Wenyin";7900;"mining, copper products";2020
"1182";"Zhang Fan";7900;"touch screens";2020
"1183";"Shahid Khan";7800;"auto parts";2020
"1184";"Zhang Jindong";7700;"appliance retailer";2020
"1185";"Kumar Birla";7600;"commodities";2020
"1186";"Chen Bang";7600;"hospitals";2020
"1187";"David Geffen";7600;"movies, record labels";2020
"1188";"Jiang Rensheng & family";7600;"vaccines";2020
"1189";"Jim Kennedy";7600;"media, automotive";2020
"1190";"Blair Parry-Okeden";7600;"media, automotive";2020
"1191";"Stephen Ross";7600;"real estate";2020
"1192";"August von Finck";7600;"investments";2020
"1193";"David Duffield";7500;"business software";2020
"1194";"Thomas Frist, Jr. & family";7500;"hospitals";2020
"1195";"Eyal Ofer";7500;"real estate, shipping";2020
"1196";"John Grayken";7400;"private equity";2020
"1197";"Niels Peter Louis-Hansen";7400;"medical devices";2020
"1198";"Lakshmi Mittal";7400;"steel";2020
"1199";"Nicky Oppenheimer & family";7400;"diamonds";2020
"1200";"John Doerr";7300;"venture capital";2020
